1,Audrey Richard,erat@aol.couk,Netherlands,No binario,Conviviente Civil
2,Piper Whitaker,erat@protonmail.com,Ireland,No binario,Casadx
3,Ignatius Ramsey,duis@yahoo.ca,Peru,Mujer,Divorciadx
4,Audra Larson,egestas.fusce@yahoo.couk,Poland,Mujer,Solterx
5,Connor Romero,adipiscing.ligula@hotmail.com,Poland,No binario,Conviviente Civil
6,Mufutau Boyle,nec.eleifend@icloud.couk,France,Hombre,Solterx
7,Lael Acosta,velit.dui@hotmail.edu,Indonesia,Mujer,Divorciadx
8,Clarke Moore,sapien.nunc@protonmail.org,Colombia,No binario,Conviviente Civil
9,Burke Velasquez,a.sollicitudin@yahoo.ca,Poland,Mujer,Casadx
10,Hall Blair,feugiat.non@hotmail.net,United Kingdom,No binario,Casadx
11,Blake Summers,cursus@outlook.com,Australia,Hombre,Solterx
12,Holmes Mckee,arcu.vestibulum@yahoo.com,Ireland,Mujer,Divorciadx
13,Leonard Sears,duis@outlook.ca,Germany,Hombre,Divorciadx
14,Chester Booker,taciti@icloud.couk,Costa Rica,Hombre,Divorciadx
15,Suki Coleman,convallis.ante@aol.edu,Nigeria,Mujer,Solterx
16,Norman Pate,sem@hotmail.ca,Italy,Hombre,Solterx
17,Quon Vang,urna.ut@outlook.ca,Chile,Mujer,Viudx
18,Priscilla Hunter,duis@outlook.edu,New Zealand,Mujer,Conviviente Civil
19,Cameron Savage,fringilla@yahoo.net,Pakistan,No binario,Viudx
20,Latifah Lamb,mi.aliquam@yahoo.edu,Austria,No binario,Divorciadx
21,Olga Benson,porttitor.eros@hotmail.org,South Korea,Mujer,Solterx
22,Jena York,ligula.nullam@outlook.ca,Austria,Hombre,Viudx
23,Amal Cantrell,erat.vivamus.nisi@hotmail.edu,Germany,No binario,Divorciadx
24,Desiree Lindsey,duis.gravida@aol.couk,Poland,Mujer,Divorciadx
25,Olga Macdonald,pretium.aliquet.metus@hotmail.ca,Spain,Hombre,Solterx
26,Preston Blair,consequat.purus@google.com,Spain,Hombre,Divorciadx
27,Craig Wade,quis@google.net,Mexico,Hombre,Viudx
28,Chadwick Randall,dolor@google.ca,Ireland,Mujer,Solterx
29,Wayne Moore,nec@google.ca,Australia,Hombre,Conviviente Civil
30,Garrett Cohen,ut@hotmail.org,Austria,Mujer,Solterx
31,Tara Wolf,phasellus.fermentum.convallis@icloud.net,Ireland,No binario,Viudx
32,Conan Kim,mauris.a@protonmail.ca,Indonesia,Mujer,Divorciadx
33,Bevis Potter,vitae.posuere.at@yahoo.net,Germany,Mujer,Conviviente Civil
34,Dawn Watson,leo.elementum@icloud.ca,Sweden,Mujer,Casadx
35,Curran Gibbs,sagittis@yahoo.org,Indonesia,No binario,Viudx
36,Dane Bullock,erat.in@yahoo.edu,Colombia,Hombre,Viudx
37,Marvin William,erat.volutpat@google.org,Italy,Mujer,Casadx
38,Lydia Mckee,sed.dictum@yahoo.org,Vietnam,Hombre,Solterx
39,Pearl Clarke,donec.feugiat@outlook.com,Nigeria,No binario,Divorciadx
40,Mason Little,congue@google.couk,New Zealand,Hombre,Solterx
41,Belle Langley,convallis.in@icloud.net,Peru,Mujer,Viudx
42,Cheyenne Schroeder,eget.metus@protonmail.couk,Ireland,Mujer,Conviviente Civil
43,Nash Trevino,fringilla@icloud.edu,Poland,Mujer,Viudx
44,Hayley Spencer,magnis.dis.parturient@yahoo.edu,Nigeria,Mujer,Solterx
45,Finn Mcknight,massa.mauris@aol.couk,Poland,Mujer,Divorciadx
46,Keiko Dodson,nonummy.ipsum.non@yahoo.org,New Zealand,Mujer,Divorciadx
47,Jasper Hurley,porttitor@yahoo.com,Canada,No binario,Solterx
48,Wallace Martin,malesuada.fames@google.couk,Peru,Hombre,Divorciadx
49,Shelby Holt,dis@outlook.couk,Costa Rica,Mujer,Casadx
50,Lucian Horne,in@yahoo.org,Canada,No binario,Casadx
51,Brennan Kelly,ut.lacus@hotmail.edu,United States,Mujer,Divorciadx
52,Raja Frank,dictum.proin.eget@protonmail.edu,Netherlands,Mujer,Solterx
53,Tamara Giles,nibh.donec@google.couk,Pakistan,Mujer,Viudx
54,Stuart Benton,non.lobortis.quis@hotmail.org,India,No binario,Conviviente Civil
55,Jaquelyn Zimmerman,suscipit.est.ac@icloud.org,Peru,Mujer,Viudx
56,Isadora Phillips,ut@aol.ca,New Zealand,Mujer,Solterx
57,Mufutau Dawson,ac.turpis@hotmail.ca,Indonesia,Mujer,Viudx
58,Martha Kline,tempus.mauris@outlook.couk,Indonesia,Mujer,Solterx
59,Hamish Morin,lobortis.quam.a@yahoo.net,Vietnam,Mujer,Divorciadx
60,Hakeem Chase,vitae.aliquet@google.net,Germany,No binario,Viudx
61,Merritt Wong,non.bibendum@yahoo.net,United States,Mujer,Divorciadx
62,Merrill Wolfe,dolor.donec.fringilla@protonmail.org,Pakistan,Mujer,Viudx
63,Roanna Forbes,sed.eu@outlook.org,Australia,Mujer,Viudx
64,Alice Pruitt,tortor.dictum.eu@outlook.org,France,Hombre,Divorciadx
65,Amaya Bender,cras.convallis.convallis@hotmail.edu,Brazil,No binario,Casadx
66,Ahmed Bolton,sapien@icloud.edu,Costa Rica,Mujer,Viudx
67,Aaron Blair,dui@google.couk,Pakistan,Hombre,Solterx
68,Fiona Britt,interdum@icloud.net,Spain,Hombre,Viudx
69,Davis Guerrero,tincidunt.dui@protonmail.edu,Mexico,Hombre,Divorciadx
70,Julian Langley,a.facilisis@hotmail.ca,Nigeria,Mujer,Divorciadx
71,Oren Stephenson,eu.enim@protonmail.edu,Canada,Mujer,Conviviente Civil
72,Carla Petersen,dapibus.quam.quis@icloud.org,Turkey,Mujer,Viudx
73,Kasper Abbott,nec.cursus.a@hotmail.ca,Canada,Mujer,Divorciadx
74,Unity Parrish,cras.vehicula.aliquet@hotmail.ca,Colombia,Hombre,Viudx
75,Sandra Graves,aliquet.proin@icloud.org,Pakistan,Mujer,Viudx
76,Leandra Cook,et@aol.com,Netherlands,Hombre,Viudx
77,Bethany Foster,pretium@protonmail.org,Sweden,Mujer,Casadx
78,Yardley Klein,nec.quam.curabitur@hotmail.org,China,No binario,Solterx
79,Iliana Santiago,a@yahoo.couk,Pakistan,No binario,Viudx
80,Raja Cameron,nibh.donec@outlook.couk,Canada,Mujer,Casadx
81,Hall Conrad,nibh.phasellus.nulla@protonmail.ca,Indonesia,Mujer,Casadx
82,Flynn Briggs,faucibus.lectus@hotmail.ca,Colombia,No binario,Casadx
83,Melyssa Navarro,justo@yahoo.com,Brazil,No binario,Conviviente Civil
84,Bernard Cunningham,nam.porttitor@protonmail.com,Netherlands,No binario,Viudx
85,Carter Tran,torquent.per@protonmail.org,Poland,Mujer,Divorciadx
86,Wanda Washington,pellentesque@yahoo.edu,United States,Mujer,Solterx
87,Mufutau Leonard,amet.risus@icloud.org,Italy,No binario,Viudx
88,Sybil Buckner,magna.praesent@icloud.ca,India,Mujer,Solterx
89,Cora Hopper,interdum.nunc.sollicitudin@aol.couk,Australia,Hombre,Conviviente Civil
90,Cleo Boone,nullam.lobortis@hotmail.edu,South Korea,Hombre,Casadx
91,Henry Lang,dolor.sit@protonmail.com,South Korea,Mujer,Casadx
92,Aurora Mooney,lacinia@yahoo.com,Vietnam,Mujer,Divorciadx
93,Raven Leonard,penatibus.et@google.couk,Spain,Mujer,Viudx
94,Abraham Crosby,ac@yahoo.net,France,Mujer,Divorciadx
95,Ariana Fowler,etiam@google.org,Netherlands,No binario,Solterx
96,Hunter Mcdaniel,nibh.dolor@outlook.couk,China,Mujer,Viudx
97,Guinevere Cohen,tortor.dictum@google.net,Turkey,Mujer,Viudx
98,Leo Saunders,odio.tristique@icloud.ca,South Korea,Hombre,Viudx
99,Gabriel Shaffer,leo@hotmail.com,Colombia,Hombre,Divorciadx
100,Eliana O'Neill,iaculis.lacus@yahoo.edu,United States,Hombre,Viudx
